{"cameraMode":{"drawMode":0,"name":"Shaded","section":"Shading Mode"},"sceneLighting":true,"audioPlay":false,"sceneViewState":{"showFog":true,"showMaterialUpdate":false,"showSkybox":true,"showFlares":true,"showImageEffects":true,"showParticleSystems":true},"in2DMode":false,"pivot":{"x":-3.7884843349456789,"y":26.698184967041017,"z":382.5690612792969},"rotation":{"x":0.16975395381450654,"y":-0.19606122374534608,"z":0.03448283672332764,"w":0.965170681476593},"size":10.310465812683106,"orthographic":false}